station_id,num_bikes_available,num_bikes_available_types,num_bikes_disabled,num_docks_available,num_docks_disabled,last_reported
7000,4,"{'mechanical': 3, 'ebike': 1}",1,42,0,1747687331
7001,5,"{'mechanical': 4, 'ebike': 1}",6,12,0,1747687285
7002,2,"{'mechanical': 0, 'ebike': 2}",1,14,0,1747687229
7003,4,"{'mechanical': 4, 'ebike': 0}",0,10,1,1747687252
7005,5,"{'mechanical': 3, 'ebike': 2}",0,17,0,1747687358
7006,4,"{'mechanical': 4, 'ebike': 0}",0,26,1,1747687385
7007,9,"{'mechanical': 7, 'ebike': 2}",0,9,0,1747687289
7008,9,"{'mechanical': 6, 'ebike': 3}",0,9,0,1747687261
7009,19,"{'mechanical': 18, 'ebike': 1}",1,5,0,1747687239
7012,2,"{'mechanical': 2, 'ebike': 0}",0,13,0,1747687359
7013,12,"{'mechanical': 12, 'ebike': 0}",0,7,0,1747687334
7014,8,"{'mechanical': 6, 'ebike': 2}",0,9,0,1747687339
7015,5,"{'mechanical': 5, 'ebike': 0}",1,32,0,1747687270
7016,29,"{'mechanical': 27, 'ebike': 2}",1,4,0,1747687296
7017,1,"{'mechanical': 1, 'ebike': 0}",3,8,0,1747687302
7018,12,"{'mechanical': 12, 'ebike': 0}",0,35,1,1747687258
7019,16,"{'mechanical': 16, 'ebike': 0}",1,38,0,1747687351
7020,10,"{'mechanical': 9, 'ebike': 1}",0,21,1,1747687309
7021,25,"{'mechanical': 24, 'ebike': 1}",0,38,0,1747687250
7022,5,"{'mechanical': 5, 'ebike': 0}",1,31,2,1747687308
7023,2,"{'mechanical': 0, 'ebike': 2}",1,8,0,1747687216
7024,14,"{'mechanical': 14, 'ebike': 0}",1,24,0,1747687292
7025,7,"{'mechanical': 5, 'ebike': 2}",0,16,0,1747687248
7026,1,"{'mechanical': 1, 'ebike': 0}",0,14,0,1747687303
7027,8,"{'mechanical': 8, 'ebike': 0}",1,22,0,1747687269
7028,0,"{'mechanical': 0, 'ebike': 0}",0,29,0,1747687229
7029,2,"{'mechanical': 2, 'ebike': 0}",3,10,0,1747687342
7030,0,"{'mechanical': 0, 'ebike': 0}",1,33,1,1747687301
7031,16,"{'mechanical': 16, 'ebike': 0}",1,6,0,1747687313
7032,12,"{'mechanical': 12, 'ebike': 0}",0,2,1,1747687337
7034,7,"{'mechanical': 6, 'ebike': 1}",0,6,1,1747687276
7035,30,"{'mechanical': 30, 'ebike': 0}",0,0,0,1747687366
7036,15,"{'mechanical': 14, 'ebike': 1}",0,4,0,1747687275
7037,8,"{'mechanical': 3, 'ebike': 5}",1,18,0,1747687218
7038,9,"{'mechanical': 9, 'ebike': 0}",1,20,0,1747687235
7039,1,"{'mechanical': 1, 'ebike': 0}",0,19,0,1747687383
7040,1,"{'mechanical': 0, 'ebike': 1}",0,18,0,1747687243
7041,2,"{'mechanical': 2, 'ebike': 0}",0,21,0,1747687228
7042,14,"{'mechanical': 13, 'ebike': 1}",1,15,1,1747687207
7043,9,"{'mechanical': 9, 'ebike': 0}",0,10,0,1747687252
7044,5,"{'mechanical': 5, 'ebike': 0}",0,30,0,1747687361
7045,13,"{'mechanical': 12, 'ebike': 1}",0,23,1,1747687337
7046,39,"{'mechanical': 36, 'ebike': 3}",1,1,1,1747687312
7047,8,"{'mechanical': 6, 'ebike': 2}",0,17,0,1747687245
7048,13,"{'mechanical': 13, 'ebike': 0}",1,33,0,1747687371
7049,4,"{'mechanical': 4, 'ebike': 0}",0,11,0,1747687362
7050,0,"{'mechanical': 0, 'ebike': 0}",2,14,0,1747687268
7052,15,"{'mechanical': 15, 'ebike': 0}",0,38,2,1747687222
7053,4,"{'mechanical': 4, 'ebike': 0}",1,22,0,1747687250
7054,5,"{'mechanical': 3, 'ebike': 2}",1,3,1,1747687307
7055,6,"{'mechanical': 6, 'ebike': 0}",0,8,1,1747687219
7057,18,"{'mechanical': 17, 'ebike': 1}",1,6,2,1747687228
7059,10,"{'mechanical': 9, 'ebike': 1}",0,3,0,1747687354
7061,2,"{'mechanical': 0, 'ebike': 2}",0,13,0,1747687292
7063,16,"{'mechanical': 12, 'ebike': 4}",1,4,1,1747687220
7064,14,"{'mechanical': 14, 'ebike': 0}",0,5,0,1747687279
7065,6,"{'mechanical': 6, 'ebike': 0}",1,8,0,1747687344
7066,6,"{'mechanical': 6, 'ebike': 0}",0,9,0,1747687329
7068,20,"{'mechanical': 20, 'ebike': 0}",0,3,0,1747687313
7069,9,"{'mechanical': 9, 'ebike': 0}",0,1,1,1747687355
7070,5,"{'mechanical': 2, 'ebike': 3}",1,5,0,1747687357
7071,16,"{'mechanical': 16, 'ebike': 0}",1,6,0,1747687265
7073,2,"{'mechanical': 1, 'ebike': 1}",3,17,1,1747687359
7075,6,"{'mechanical': 6, 'ebike': 0}",2,19,0,1747687344
7076,28,"{'mechanical': 27, 'ebike': 1}",1,27,1,1747687220
7077,9,"{'mechanical': 9, 'ebike': 0}",0,10,0,1747687348
7078,3,"{'mechanical': 2, 'ebike': 1}",0,11,0,1747687359
7079,4,"{'mechanical': 4, 'ebike': 0}",0,14,0,1747687262
7083,5,"{'mechanical': 3, 'ebike': 2}",0,10,0,1747687365
7084,0,"{'mechanical': 0, 'ebike': 0}",2,9,0,1747687293
7085,3,"{'mechanical': 1, 'ebike': 2}",0,12,0,1747687289
7086,1,"{'mechanical': 0, 'ebike': 1}",4,17,1,1747687331
7087,1,"{'mechanical': 0, 'ebike': 1}",0,10,0,1747687322
7088,2,"{'mechanical': 1, 'ebike': 1}",0,13,0,1747687305
7089,17,"{'mechanical': 16, 'ebike': 1}",0,10,0,1747687219
7090,11,"{'mechanical': 3, 'ebike': 8}",0,7,1,1747687255
7091,1,"{'mechanical': 0, 'ebike': 1}",0,14,0,1747687242
7093,19,"{'mechanical': 14, 'ebike': 5}",1,3,1,1747687311
7094,20,"{'mechanical': 11, 'ebike': 9}",2,3,0,1747687365
7095,6,"{'mechanical': 5, 'ebike': 1}",0,8,0,1747687229
7096,10,"{'mechanical': 9, 'ebike': 1}",0,7,1,1747687339
7097,11,"{'mechanical': 9, 'ebike': 2}",0,1,1,1747687364
7098,14,"{'mechanical': 11, 'ebike': 3}",0,0,1,1747687329
7100,8,"{'mechanical': 8, 'ebike': 0}",0,18,1,1747687238
7101,18,"{'mechanical': 18, 'ebike': 0}",2,6,1,1747687381
7102,1,"{'mechanical': 1, 'ebike': 0}",0,29,1,1747687217
7103,14,"{'mechanical': 12, 'ebike': 2}",0,0,0,1747687208
7104,2,"{'mechanical': 1, 'ebike': 1}",0,10,3,1747687308
7105,2,"{'mechanical': 2, 'ebike': 0}",0,11,1,1747687240
7106,4,"{'mechanical': 4, 'ebike': 0}",1,22,0,1747687246
7107,3,"{'mechanical': 2, 'ebike': 1}",0,12,0,1747687223
7108,6,"{'mechanical': 6, 'ebike': 0}",0,7,1,1747687281
7110,5,"{'mechanical': 5, 'ebike': 0}",0,8,2,1747687309
7111,0,"{'mechanical': 0, 'ebike': 0}",1,9,1,1747687363
7112,10,"{'mechanical': 9, 'ebike': 1}",0,8,1,1747687354
7113,4,"{'mechanical': 4, 'ebike': 0}",1,10,0,1747687219
7114,2,"{'mechanical': 1, 'ebike': 1}",0,24,0,1747687298
7115,18,"{'mechanical': 18, 'ebike': 0}",0,13,0,1747687307
7116,1,"{'mechanical': 0, 'ebike': 1}",0,18,0,1747687237
7117,0,"{'mechanical': 0, 'ebike': 0}",0,18,1,1747687379
7118,2,"{'mechanical': 2, 'ebike': 0}",0,17,0,1747687276
7119,4,"{'mechanical': 3, 'ebike': 1}",0,11,0,1747687240
7120,4,"{'mechanical': 3, 'ebike': 1}",0,5,0,1747687297
7121,12,"{'mechanical': 12, 'ebike': 0}",0,15,0,1747687256
7122,12,"{'mechanical': 12, 'ebike': 0}",0,2,0,1747687328
7123,14,"{'mechanical': 10, 'ebike': 4}",0,0,1,1747687321
7124,12,"{'mechanical': 12, 'ebike': 0}",2,5,0,1747687336
7126,1,"{'mechanical': 0, 'ebike': 1}",1,13,1,1747687224
7127,2,"{'mechanical': 1, 'ebike': 1}",1,11,1,1747687307
7128,0,"{'mechanical': 0, 'ebike': 0}",0,22,1,1747687238
7129,5,"{'mechanical': 5, 'ebike': 0}",0,4,2,1747687277
7130,5,"{'mechanical': 5, 'ebike': 0}",2,8,0,1747687371
7131,6,"{'mechanical': 2, 'ebike': 4}",0,9,0,1747687244
7132,0,"{'mechanical': 0, 'ebike': 0}",0,9,0,1747687288
7135,27,"{'mechanical': 26, 'ebike': 1}",0,1,1,1747687369
7137,8,"{'mechanical': 4, 'ebike': 4}",1,6,0,1747687260
7138,0,"{'mechanical': 0, 'ebike': 0}",2,25,0,1747687347
7139,4,"{'mechanical': 4, 'ebike': 0}",1,9,1,1747687363
7140,0,"{'mechanical': 0, 'ebike': 0}",0,14,1,1747687270
7141,5,"{'mechanical': 4, 'ebike': 1}",0,10,0,1747687286
7142,9,"{'mechanical': 2, 'ebike': 7}",0,6,0,1747687353
7143,0,"{'mechanical': 0, 'ebike': 0}",0,13,1,1747687235
7144,5,"{'mechanical': 4, 'ebike': 1}",0,10,0,1747687312
7146,2,"{'mechanical': 1, 'ebike': 1}",0,17,0,1747687235
7147,11,"{'mechanical': 10, 'ebike': 1}",0,4,0,1747687384
7148,20,"{'mechanical': 20, 'ebike': 0}",0,2,0,1747687226
7149,2,"{'mechanical': 1, 'ebike': 1}",0,9,0,1747687353
7150,7,"{'mechanical': 4, 'ebike': 3}",1,11,0,1747687299
7151,1,"{'mechanical': 1, 'ebike': 0}",0,17,1,1747687326
7153,9,"{'mechanical': 8, 'ebike': 1}",1,6,1,1747687270
7154,8,"{'mechanical': 8, 'ebike': 0}",1,13,1,1747687266
7155,12,"{'mechanical': 4, 'ebike': 8}",0,7,0,1747687220
7156,0,"{'mechanical': 0, 'ebike': 0}",0,15,0,1747687215
7157,6,"{'mechanical': 6, 'ebike': 0}",0,16,1,1747687373
7158,12,"{'mechanical': 10, 'ebike': 2}",0,2,1,1747687240
7160,13,"{'mechanical': 12, 'ebike': 1}",0,6,0,1747687241
7161,6,"{'mechanical': 6, 'ebike': 0}",0,16,1,1747687235
7162,2,"{'mechanical': 1, 'ebike': 1}",1,18,1,1747687244
7163,7,"{'mechanical': 6, 'ebike': 1}",0,7,1,1747687362
7164,15,"{'mechanical': 14, 'ebike': 1}",2,5,1,1747687235
7168,32,"{'mechanical': 31, 'ebike': 1}",1,14,0,1747687319
7169,8,"{'mechanical': 8, 'ebike': 0}",0,3,0,1747687272
7170,7,"{'mechanical': 7, 'ebike': 0}",0,7,1,1747687239
7171,10,"{'mechanical': 10, 'ebike': 0}",2,14,0,1747687354
7172,13,"{'mechanical': 11, 'ebike': 2}",0,5,1,1747687376
7173,0,"{'mechanical': 0, 'ebike': 0}",2,17,0,1747687384
7174,5,"{'mechanical': 5, 'ebike': 0}",1,9,0,1747687359
7175,9,"{'mechanical': 7, 'ebike': 2}",1,16,1,1747687264
7176,7,"{'mechanical': 7, 'ebike': 0}",2,10,0,1747687346
7178,4,"{'mechanical': 3, 'ebike': 1}",0,10,1,1747687363
7180,14,"{'mechanical': 2, 'ebike': 12}",0,9,0,1747687286
7181,7,"{'mechanical': 7, 'ebike': 0}",0,7,0,1747687298
7182,0,"{'mechanical': 0, 'ebike': 0}",0,19,0,1747687351
7183,3,"{'mechanical': 3, 'ebike': 0}",0,12,0,1747687278
7188,13,"{'mechanical': 12, 'ebike': 1}",0,1,1,1747687210
7189,11,"{'mechanical': 11, 'ebike': 0}",1,1,0,1747687278
7190,2,"{'mechanical': 2, 'ebike': 0}",0,11,0,1747687279
7191,5,"{'mechanical': 2, 'ebike': 3}",1,3,2,1747687248
7192,6,"{'mechanical': 5, 'ebike': 1}",0,9,0,1747687305
7193,5,"{'mechanical': 5, 'ebike': 0}",0,10,0,1747687257
7194,5,"{'mechanical': 3, 'ebike': 2}",0,18,0,1747687282
7195,1,"{'mechanical': 0, 'ebike': 1}",0,9,0,1747687386
7196,3,"{'mechanical': 0, 'ebike': 3}",0,5,0,1747687334
7197,10,"{'mechanical': 9, 'ebike': 1}",1,0,0,1747687207
7198,16,"{'mechanical': 15, 'ebike': 1}",0,3,0,1747687220
7199,7,"{'mechanical': 5, 'ebike': 2}",1,9,0,1747687217
7203,27,"{'mechanical': 27, 'ebike': 0}",2,4,0,1747687244
7204,4,"{'mechanical': 4, 'ebike': 0}",0,15,0,1747687346
7205,7,"{'mechanical': 5, 'ebike': 2}",0,8,0,1747687353
7206,6,"{'mechanical': 3, 'ebike': 3}",1,5,1,1747687223
7207,28,"{'mechanical': 18, 'ebike': 10}",0,19,0,1747687266
7208,1,"{'mechanical': 1, 'ebike': 0}",1,13,0,1747687240
7209,16,"{'mechanical': 9, 'ebike': 7}",0,1,0,1747687265
7210,12,"{'mechanical': 12, 'ebike': 0}",0,2,0,1747687370
7211,4,"{'mechanical': 4, 'ebike': 0}",0,10,1,1747687303
7216,18,"{'mechanical': 17, 'ebike': 1}",1,3,0,1747687310
7217,11,"{'mechanical': 11, 'ebike': 0}",0,4,0,1747687206
7220,13,"{'mechanical': 13, 'ebike': 0}",2,4,0,1747687333
7221,4,"{'mechanical': 1, 'ebike': 3}",0,7,0,1747687237
7222,23,"{'mechanical': 22, 'ebike': 1}",2,2,0,1747687330
7223,12,"{'mechanical': 11, 'ebike': 1}",0,0,0,1747687321
7224,4,"{'mechanical': 4, 'ebike': 0}",0,18,1,1747687369
7225,17,"{'mechanical': 17, 'ebike': 0}",0,2,0,1747687335
7226,18,"{'mechanical': 18, 'ebike': 0}",0,0,0,1747687373
7227,24,"{'mechanical': 23, 'ebike': 1}",1,6,0,1747687353
7228,10,"{'mechanical': 10, 'ebike': 0}",0,8,0,1747687272
7229,6,"{'mechanical': 6, 'ebike': 0}",0,6,0,1747687320
7230,17,"{'mechanical': 17, 'ebike': 0}",0,2,0,1747687227
7231,13,"{'mechanical': 10, 'ebike': 3}",1,4,0,1747687370
7232,2,"{'mechanical': 2, 'ebike': 0}",1,13,0,1747687350
7233,2,"{'mechanical': 2, 'ebike': 0}",1,12,1,1747687252
7234,6,"{'mechanical': 6, 'ebike': 0}",1,12,0,1747687351
7235,6,"{'mechanical': 6, 'ebike': 0}",0,10,0,1747687310
7236,13,"{'mechanical': 13, 'ebike': 0}",0,9,0,1747687266
7237,5,"{'mechanical': 4, 'ebike': 1}",0,10,0,1747687339
7238,9,"{'mechanical': 8, 'ebike': 1}",0,6,0,1747687348
7239,18,"{'mechanical': 18, 'ebike': 0}",2,22,0,1747687367
7240,26,"{'mechanical': 14, 'ebike': 12}",1,7,0,1747687220
7241,5,"{'mechanical': 5, 'ebike': 0}",0,7,0,1747687225
7242,5,"{'mechanical': 5, 'ebike': 0}",0,26,2,1747687255
7243,7,"{'mechanical': 6, 'ebike': 1}",0,6,1,1747687379
7244,2,"{'mechanical': 2, 'ebike': 0}",0,14,0,1747687353
7246,5,"{'mechanical': 2, 'ebike': 3}",2,10,2,1747687356
7247,11,"{'mechanical': 10, 'ebike': 1}",0,0,0,1747687277
7248,15,"{'mechanical': 14, 'ebike': 1}",1,4,0,1747687221
7249,21,"{'mechanical': 3, 'ebike': 18}",3,27,0,1747687305
7250,12,"{'mechanical': 11, 'ebike': 1}",0,3,1,1747687336
7252,0,"{'mechanical': 0, 'ebike': 0}",0,18,0,1747687263
7253,3,"{'mechanical': 2, 'ebike': 1}",0,8,0,1747687359
7256,0,"{'mechanical': 0, 'ebike': 0}",0,12,0,1747687341
7257,6,"{'mechanical': 4, 'ebike': 2}",0,12,1,1747687304
7258,15,"{'mechanical': 13, 'ebike': 2}",0,0,0,1747687369
7259,14,"{'mechanical': 14, 'ebike': 0}",1,3,0,1747687217
7260,7,"{'mechanical': 7, 'ebike': 0}",2,6,0,1747687279
7261,5,"{'mechanical': 5, 'ebike': 0}",1,18,0,1747687275
7262,1,"{'mechanical': 0, 'ebike': 1}",0,15,0,1747687355
7264,2,"{'mechanical': 1, 'ebike': 1}",0,17,1,1747687315
7265,4,"{'mechanical': 1, 'ebike': 3}",0,7,1,1747687333
7267,1,"{'mechanical': 1, 'ebike': 0}",0,14,0,1747687353
7268,7,"{'mechanical': 7, 'ebike': 0}",0,8,0,1747687268
7269,3,"{'mechanical': 3, 'ebike': 0}",0,17,0,1747687303
7270,7,"{'mechanical': 7, 'ebike': 0}",0,13,0,1747687280
7271,4,"{'mechanical': 3, 'ebike': 1}",0,13,0,1747687314
7272,1,"{'mechanical': 1, 'ebike': 0}",0,11,0,1747687363
7273,7,"{'mechanical': 6, 'ebike': 1}",0,13,0,1747687279
7274,2,"{'mechanical': 2, 'ebike': 0}",0,14,0,1747687291
7276,3,"{'mechanical': 2, 'ebike': 1}",0,8,0,1747687355
7277,3,"{'mechanical': 2, 'ebike': 1}",0,17,0,1747687384
7278,11,"{'mechanical': 11, 'ebike': 0}",0,4,0,1747687325
7279,1,"{'mechanical': 1, 'ebike': 0}",0,14,0,1747687215
7280,5,"{'mechanical': 5, 'ebike': 0}",1,14,0,1747687230
7281,2,"{'mechanical': 2, 'ebike': 0}",0,22,0,1747687253
7282,14,"{'mechanical': 14, 'ebike': 0}",0,9,0,1747687340
7283,8,"{'mechanical': 8, 'ebike': 0}",0,11,0,1747687228
7284,1,"{'mechanical': 1, 'ebike': 0}",0,22,0,1747687319
7285,13,"{'mechanical': 12, 'ebike': 1}",0,22,1,1747687216
7286,2,"{'mechanical': 2, 'ebike': 0}",0,16,0,1747687340
7287,14,"{'mechanical': 14, 'ebike': 0}",0,0,0,1747687357
7288,11,"{'mechanical': 11, 'ebike': 0}",1,17,0,1747687383
7289,12,"{'mechanical': 11, 'ebike': 1}",3,7,0,1747687330
7291,1,"{'mechanical': 1, 'ebike': 0}",1,12,1,1747687311
7292,3,"{'mechanical': 0, 'ebike': 3}",0,21,0,1747687290
7296,3,"{'mechanical': 2, 'ebike': 1}",0,16,0,1747687308
7297,4,"{'mechanical': 4, 'ebike': 0}",0,15,0,1747687251
7298,8,"{'mechanical': 8, 'ebike': 0}",0,17,0,1747687289
7299,8,"{'mechanical': 8, 'ebike': 0}",1,6,0,1747687304
7301,2,"{'mechanical': 0, 'ebike': 2}",0,13,0,1747687366
7302,2,"{'mechanical': 1, 'ebike': 1}",0,9,0,1747687305
7303,16,"{'mechanical': 15, 'ebike': 1}",1,1,0,1747687338
7309,22,"{'mechanical': 21, 'ebike': 1}",0,1,0,1747687293
7311,2,"{'mechanical': 1, 'ebike': 1}",0,17,0,1747687293
7312,11,"{'mechanical': 9, 'ebike': 2}",0,0,0,1747687322
7313,11,"{'mechanical': 11, 'ebike': 0}",0,4,0,1747687355
7314,13,"{'mechanical': 11, 'ebike': 2}",0,2,0,1747687318
7315,11,"{'mechanical': 11, 'ebike': 0}",0,0,0,1747687231
7316,15,"{'mechanical': 15, 'ebike': 0}",0,0,0,1747687304
7317,19,"{'mechanical': 19, 'ebike': 0}",0,0,0,1747687368
7318,15,"{'mechanical': 15, 'ebike': 0}",0,0,0,1747687303
7319,10,"{'mechanical': 10, 'ebike': 0}",1,0,0,1747687374
7320,11,"{'mechanical': 11, 'ebike': 0}",0,8,0,1747687379
7321,12,"{'mechanical': 12, 'ebike': 0}",0,6,0,1747687344
7322,14,"{'mechanical': 13, 'ebike': 1}",1,4,0,1747687252
7323,11,"{'mechanical': 11, 'ebike': 0}",0,8,0,1747687259
7324,9,"{'mechanical': 9, 'ebike': 0}",2,12,0,1747687333
7326,7,"{'mechanical': 2, 'ebike': 5}",0,12,0,1747687347
7327,2,"{'mechanical': 1, 'ebike': 1}",0,14,0,1747687237
7329,17,"{'mechanical': 16, 'ebike': 1}",0,2,0,1747687353
7331,1,"{'mechanical': 0, 'ebike': 1}",0,18,0,1747687313
7332,4,"{'mechanical': 4, 'ebike': 0}",1,17,0,1747687362
7333,4,"{'mechanical': 4, 'ebike': 0}",1,12,1,1747687277
7334,11,"{'mechanical': 11, 'ebike': 0}",0,4,0,1747687281
7335,2,"{'mechanical': 2, 'ebike': 0}",0,17,0,1747687221
7336,19,"{'mechanical': 18, 'ebike': 1}",0,0,0,1747687363
7337,21,"{'mechanical': 21, 'ebike': 0}",0,0,1,1747687282
7338,16,"{'mechanical': 14, 'ebike': 2}",0,3,0,1747687286
7339,8,"{'mechanical': 7, 'ebike': 1}",0,6,1,1747687375
7340,11,"{'mechanical': 11, 'ebike': 0}",0,4,0,1747687250
7341,15,"{'mechanical': 15, 'ebike': 0}",0,0,0,1747687264
7342,8,"{'mechanical': 8, 'ebike': 0}",0,1,2,1747687259
7343,23,"{'mechanical': 23, 'ebike': 0}",0,0,0,1747687228
7344,41,"{'mechanical': 41, 'ebike': 0}",2,3,0,1747687303
7345,20,"{'mechanical': 19, 'ebike': 1}",0,10,0,1747687225
7346,18,"{'mechanical': 17, 'ebike': 1}",0,5,0,1747687233
7347,1,"{'mechanical': 1, 'ebike': 0}",0,14,0,1747687275
7348,1,"{'mechanical': 0, 'ebike': 1}",0,18,0,1747687295
7349,0,"{'mechanical': 0, 'ebike': 0}",0,21,1,1747687211
7350,2,"{'mechanical': 1, 'ebike': 1}",0,21,0,1747687332
7351,3,"{'mechanical': 2, 'ebike': 1}",0,16,0,1747687211
7352,1,"{'mechanical': 0, 'ebike': 1}",0,17,1,1747687267
7353,3,"{'mechanical': 2, 'ebike': 1}",0,16,0,1747687249
7354,9,"{'mechanical': 9, 'ebike': 0}",4,17,1,1747687328
7355,0,"{'mechanical': 0, 'ebike': 0}",0,15,0,1747687373
7356,8,"{'mechanical': 8, 'ebike': 0}",1,22,0,1747687219
7357,5,"{'mechanical': 5, 'ebike': 0}",2,12,0,1747687239
7358,4,"{'mechanical': 2, 'ebike': 2}",0,10,3,1747687318
7359,5,"{'mechanical': 1, 'ebike': 4}",0,17,1,1747687344
7360,5,"{'mechanical': 2, 'ebike': 3}",0,12,0,1747687244
7361,5,"{'mechanical': 1, 'ebike': 4}",0,14,0,1747687381
7362,5,"{'mechanical': 5, 'ebike': 0}",0,14,0,1747687251
7363,1,"{'mechanical': 1, 'ebike': 0}",0,14,0,1747687303
7364,18,"{'mechanical': 18, 'ebike': 0}",0,1,0,1747687206
7365,22,"{'mechanical': 22, 'ebike': 0}",1,0,0,1747687226
7366,16,"{'mechanical': 16, 'ebike': 0}",0,4,0,1747687217
7367,14,"{'mechanical': 14, 'ebike': 0}",0,1,0,1747687258
7368,3,"{'mechanical': 2, 'ebike': 1}",0,3,2,1747687256
7371,1,"{'mechanical': 0, 'ebike': 1}",0,19,0,1747687228
7373,5,"{'mechanical': 5, 'ebike': 0}",0,9,0,1747687248
7374,5,"{'mechanical': 5, 'ebike': 0}",0,14,0,1747687224
7375,7,"{'mechanical': 7, 'ebike': 0}",0,4,0,1747687285
7376,3,"{'mechanical': 1, 'ebike': 2}",0,16,0,1747687213
7377,6,"{'mechanical': 3, 'ebike': 3}",0,29,0,1747687345
7378,0,"{'mechanical': 0, 'ebike': 0}",0,15,0,1747687333
7379,1,"{'mechanical': 0, 'ebike': 1}",0,13,1,1747687319
7380,0,"{'mechanical': 0, 'ebike': 0}",0,16,0,1747687286
7381,3,"{'mechanical': 3, 'ebike': 0}",1,30,1,1747687363
7383,4,"{'mechanical': 4, 'ebike': 0}",0,11,0,1747687257
7384,6,"{'mechanical': 6, 'ebike': 0}",1,2,0,1747687384
7385,9,"{'mechanical': 3, 'ebike': 6}",16,8,0,1747687313
7386,6,"{'mechanical': 1, 'ebike': 5}",0,10,0,1747687285
7387,2,"{'mechanical': 1, 'ebike': 1}",0,10,0,1747687279
7388,1,"{'mechanical': 1, 'ebike': 0}",1,13,0,1747687297
7389,3,"{'mechanical': 3, 'ebike': 0}",0,22,0,1747687319
7391,12,"{'mechanical': 11, 'ebike': 1}",0,19,0,1747687353
7395,1,"{'mechanical': 1, 'ebike': 0}",0,22,0,1747687322
7398,10,"{'mechanical': 10, 'ebike': 0}",0,7,2,1747687377
7399,4,"{'mechanical': 4, 'ebike': 0}",0,15,0,1747687213
7400,9,"{'mechanical': 9, 'ebike': 0}",0,14,0,1747687352
7403,1,"{'mechanical': 0, 'ebike': 1}",0,18,0,1747687277
7404,0,"{'mechanical': 0, 'ebike': 0}",0,16,3,1747687306
7407,12,"{'mechanical': 10, 'ebike': 2}",2,3,0,1747687252
7409,15,"{'mechanical': 14, 'ebike': 1}",0,12,0,1747687335
7410,1,"{'mechanical': 0, 'ebike': 1}",0,18,0,1747687260
7411,11,"{'mechanical': 11, 'ebike': 0}",0,8,2,1747687326
7412,7,"{'mechanical': 0, 'ebike': 7}",1,15,0,1747687368
7414,1,"{'mechanical': 0, 'ebike': 1}",0,14,0,1747687241
7415,1,"{'mechanical': 0, 'ebike': 1}",0,22,0,1747687242
7416,12,"{'mechanical': 12, 'ebike': 0}",1,18,0,1747687379
7417,3,"{'mechanical': 3, 'ebike': 0}",1,7,0,1747687270
7418,1,"{'mechanical': 1, 'ebike': 0}",0,24,0,1747687379
7419,0,"{'mechanical': 0, 'ebike': 0}",0,26,0,1747687225
7420,10,"{'mechanical': 7, 'ebike': 3}",0,17,1,1747687293
7422,12,"{'mechanical': 10, 'ebike': 2}",0,4,0,1747687256
7424,3,"{'mechanical': 0, 'ebike': 3}",0,20,0,1747687361
7425,14,"{'mechanical': 14, 'ebike': 0}",2,5,1,1747687249
7427,8,"{'mechanical': 7, 'ebike': 1}",1,18,0,1747687298
7428,22,"{'mechanical': 20, 'ebike': 2}",1,2,0,1747687267
7429,3,"{'mechanical': 0, 'ebike': 3}",0,12,0,1747687326
7430,13,"{'mechanical': 13, 'ebike': 0}",2,12,0,1747687325
7431,24,"{'mechanical': 23, 'ebike': 1}",1,1,0,1747687229
7432,16,"{'mechanical': 15, 'ebike': 1}",0,31,0,1747687377
7433,11,"{'mechanical': 11, 'ebike': 0}",0,4,0,1747687231
7434,23,"{'mechanical': 0, 'ebike': 23}",3,13,0,1747687241
7435,0,"{'mechanical': 0, 'ebike': 0}",0,10,0,1747687377
7437,6,"{'mechanical': 6, 'ebike': 0}",0,9,0,1747687316
7438,13,"{'mechanical': 13, 'ebike': 0}",1,5,0,1747687300
7441,4,"{'mechanical': 4, 'ebike': 0}",0,18,0,1747687273
7442,2,"{'mechanical': 1, 'ebike': 1}",0,10,2,1747687372
7443,3,"{'mechanical': 3, 'ebike': 0}",1,21,0,1747687361
7444,2,"{'mechanical': 2, 'ebike': 0}",0,17,1,1747687234
7445,9,"{'mechanical': 8, 'ebike': 1}",0,9,0,1747687316
7446,17,"{'mechanical': 17, 'ebike': 0}",0,2,0,1747687309
7447,4,"{'mechanical': 4, 'ebike': 0}",0,17,2,1747687290
7448,7,"{'mechanical': 5, 'ebike': 2}",0,12,0,1747687341
7449,9,"{'mechanical': 8, 'ebike': 1}",0,6,0,1747687337
7451,3,"{'mechanical': 3, 'ebike': 0}",0,26,0,1747687356
7452,3,"{'mechanical': 3, 'ebike': 0}",3,16,0,1747687247
7453,0,"{'mechanical': 0, 'ebike': 0}",0,17,0,1747687287
7454,6,"{'mechanical': 6, 'ebike': 0}",1,7,0,1747687254
7455,3,"{'mechanical': 3, 'ebike': 0}",3,20,1,1747687263
7457,9,"{'mechanical': 8, 'ebike': 1}",0,12,1,1747687300
7458,11,"{'mechanical': 11, 'ebike': 0}",0,6,0,1747687308
7459,0,"{'mechanical': 0, 'ebike': 0}",1,10,0,1747687250
7460,4,"{'mechanical': 4, 'ebike': 0}",2,21,0,1747687304
7461,4,"{'mechanical': 4, 'ebike': 0}",5,14,0,1747687265
7462,4,"{'mechanical': 4, 'ebike': 0}",2,11,0,1747687385
7465,1,"{'mechanical': 1, 'ebike': 0}",1,16,1,1747687338
7466,3,"{'mechanical': 2, 'ebike': 1}",0,16,0,1747687259
7467,5,"{'mechanical': 4, 'ebike': 1}",0,10,0,1747687340
7468,15,"{'mechanical': 15, 'ebike': 0}",0,10,2,1747687246
7469,13,"{'mechanical': 13, 'ebike': 0}",0,9,0,1747687346
7471,5,"{'mechanical': 5, 'ebike': 0}",3,7,0,1747687345
7473,12,"{'mechanical': 8, 'ebike': 4}",1,1,1,1747687260
7474,18,"{'mechanical': 18, 'ebike': 0}",0,5,0,1747687325
7475,3,"{'mechanical': 3, 'ebike': 0}",1,15,0,1747687266
7476,3,"{'mechanical': 1, 'ebike': 2}",0,12,0,1747687267
7477,3,"{'mechanical': 0, 'ebike': 3}",0,17,0,1747687327
7478,17,"{'mechanical': 16, 'ebike': 1}",2,0,0,1747687300
7479,7,"{'mechanical': 1, 'ebike': 6}",1,6,1,1747687291
7480,4,"{'mechanical': 2, 'ebike': 2}",0,11,0,1747687235
7483,10,"{'mechanical': 8, 'ebike': 2}",0,2,0,1747687308
7484,3,"{'mechanical': 2, 'ebike': 1}",0,13,0,1747687221
7485,12,"{'mechanical': 11, 'ebike': 1}",0,4,0,1747687238
7486,1,"{'mechanical': 1, 'ebike': 0}",0,21,0,1747687218
7487,7,"{'mechanical': 7, 'ebike': 0}",0,7,0,1747687298
7488,1,"{'mechanical': 1, 'ebike': 0}",0,10,0,1747687328
7489,4,"{'mechanical': 4, 'ebike': 0}",0,15,0,1747687349
7492,3,"{'mechanical': 3, 'ebike': 0}",0,12,0,1747687216
7493,7,"{'mechanical': 6, 'ebike': 1}",0,5,0,1747687275
7494,6,"{'mechanical': 6, 'ebike': 0}",0,6,0,1747687314
7496,12,"{'mechanical': 11, 'ebike': 1}",0,7,0,1747687285
7497,19,"{'mechanical': 10, 'ebike': 9}",0,0,0,1747687370
7501,3,"{'mechanical': 1, 'ebike': 2}",0,17,0,1747687283
7502,3,"{'mechanical': 2, 'ebike': 1}",0,15,2,1747687358
7503,2,"{'mechanical': 1, 'ebike': 1}",0,18,0,1747687378
7504,10,"{'mechanical': 10, 'ebike': 0}",0,6,0,1747687325
7505,1,"{'mechanical': 1, 'ebike': 0}",0,16,0,1747687347
7506,4,"{'mechanical': 4, 'ebike': 0}",0,8,0,1747687270
7508,21,"{'mechanical': 21, 'ebike': 0}",0,18,0,1747687269
7514,44,"{'mechanical': 44, 'ebike': 0}",1,14,2,1747687210
7515,24,"{'mechanical': 24, 'ebike': 0}",0,1,0,1747687264
7516,6,"{'mechanical': 6, 'ebike': 0}",1,10,0,1747687358
7517,15,"{'mechanical': 15, 'ebike': 0}",1,7,0,1747687222
7518,19,"{'mechanical': 19, 'ebike': 0}",2,3,1,1747687239
7519,2,"{'mechanical': 0, 'ebike': 2}",0,17,0,1747687288
7520,8,"{'mechanical': 8, 'ebike': 0}",1,5,1,1747687384
7521,3,"{'mechanical': 0, 'ebike': 3}",0,20,0,1747687332
7522,4,"{'mechanical': 1, 'ebike': 3}",0,13,0,1747687234
7523,9,"{'mechanical': 9, 'ebike': 0}",1,4,0,1747687257
7524,14,"{'mechanical': 14, 'ebike': 0}",0,20,1,1747687271
7526,2,"{'mechanical': 1, 'ebike': 1}",0,20,0,1747687240
7527,5,"{'mechanical': 2, 'ebike': 3}",0,14,0,1747687286
7528,0,"{'mechanical': 0, 'ebike': 0}",1,15,1,1747687330
7529,0,"{'mechanical': 0, 'ebike': 0}",0,15,0,1747687224
7530,4,"{'mechanical': 4, 'ebike': 0}",14,4,0,1747687211
7531,2,"{'mechanical': 2, 'ebike': 0}",3,15,0,1747687326
7533,4,"{'mechanical': 4, 'ebike': 0}",1,22,0,1747687221
7534,14,"{'mechanical': 8, 'ebike': 6}",0,1,0,1747687320
7536,2,"{'mechanical': 2, 'ebike': 0}",0,21,0,1747687351
7537,0,"{'mechanical': 0, 'ebike': 0}",0,16,0,1747687273
7538,5,"{'mechanical': 2, 'ebike': 3}",0,14,0,1747687225
7539,0,"{'mechanical': 0, 'ebike': 0}",0,19,0,1747687246
7540,0,"{'mechanical': 0, 'ebike': 0}",0,19,0,1747687333
7541,7,"{'mechanical': 7, 'ebike': 0}",1,11,1,1747687256
7542,13,"{'mechanical': 12, 'ebike': 1}",1,9,0,1747687312
7543,0,"{'mechanical': 0, 'ebike': 0}",0,15,0,1747687269
7545,2,"{'mechanical': 2, 'ebike': 0}",0,13,0,1747687262
7546,2,"{'mechanical': 0, 'ebike': 2}",0,16,0,1747687320
7547,4,"{'mechanical': 3, 'ebike': 1}",0,11,0,1747687226
7548,1,"{'mechanical': 1, 'ebike': 0}",0,19,0,1747687335
7549,17,"{'mechanical': 17, 'ebike': 0}",2,26,0,1747687242
7551,6,"{'mechanical': 6, 'ebike': 0}",1,7,0,1747687278
7552,18,"{'mechanical': 18, 'ebike': 0}",0,1,0,1747687298
7553,1,"{'mechanical': 1, 'ebike': 0}",2,16,0,1747687207
7554,22,"{'mechanical': 22, 'ebike': 0}",2,3,0,1747687264
7555,19,"{'mechanical': 18, 'ebike': 1}",0,1,0,1747687352
7556,3,"{'mechanical': 2, 'ebike': 1}",0,27,1,1747687229
7557,20,"{'mechanical': 20, 'ebike': 0}",0,2,1,1747687293
7558,6,"{'mechanical': 6, 'ebike': 0}",0,13,0,1747687311
7559,4,"{'mechanical': 3, 'ebike': 1}",0,10,1,1747687282
7561,5,"{'mechanical': 1, 'ebike': 4}",0,9,0,1747687292
7562,0,"{'mechanical': 0, 'ebike': 0}",1,18,4,1747687209
7563,0,"{'mechanical': 0, 'ebike': 0}",0,18,1,1747687272
7564,2,"{'mechanical': 0, 'ebike': 2}",0,21,0,1747687372
7565,2,"{'mechanical': 2, 'ebike': 0}",0,20,1,1747687313
7566,0,"{'mechanical': 0, 'ebike': 0}",0,19,0,1747687302
7567,1,"{'mechanical': 1, 'ebike': 0}",0,26,0,1747687266
7568,8,"{'mechanical': 6, 'ebike': 2}",0,17,0,1747687308
7569,21,"{'mechanical': 21, 'ebike': 0}",1,24,1,1747687244
7570,5,"{'mechanical': 5, 'ebike': 0}",10,2,0,1747687372
7571,16,"{'mechanical': 16, 'ebike': 0}",0,3,0,1747687238
7572,5,"{'mechanical': 4, 'ebike': 1}",0,10,0,1747687374
7575,2,"{'mechanical': 2, 'ebike': 0}",0,11,2,1747687271
7576,8,"{'mechanical': 6, 'ebike': 2}",0,14,1,1747687344
7577,4,"{'mechanical': 4, 'ebike': 0}",0,23,0,1747687245
7579,0,"{'mechanical': 0, 'ebike': 0}",1,18,0,1747687228
7580,0,"{'mechanical': 0, 'ebike': 0}",1,14,0,1747687273
7581,0,"{'mechanical': 0, 'ebike': 0}",0,15,0,1747687346
7582,0,"{'mechanical': 0, 'ebike': 0}",0,16,0,1747687243
7583,2,"{'mechanical': 2, 'ebike': 0}",0,20,0,1747687309
7584,0,"{'mechanical': 0, 'ebike': 0}",1,24,2,1747687377
7585,0,"{'mechanical': 0, 'ebike': 0}",2,24,1,1747687362
7586,0,"{'mechanical': 0, 'ebike': 0}",0,23,0,1747687260
7587,0,"{'mechanical': 0, 'ebike': 0}",1,13,5,1747687370
7588,0,"{'mechanical': 0, 'ebike': 0}",0,19,0,1747687258
7589,0,"{'mechanical': 0, 'ebike': 0}",0,14,1,1747687231
7590,0,"{'mechanical': 0, 'ebike': 0}",1,22,0,1747687338
7591,1,"{'mechanical': 0, 'ebike': 1}",0,20,2,1747687328
7593,8,"{'mechanical': 8, 'ebike': 0}",0,19,0,1747687363
7594,6,"{'mechanical': 5, 'ebike': 1}",1,8,0,1747687215
7595,6,"{'mechanical': 2, 'ebike': 4}",0,9,0,1747687243
7596,12,"{'mechanical': 0, 'ebike': 12}",0,20,0,1747687259
7597,0,"{'mechanical': 0, 'ebike': 0}",0,15,0,1747687313
7598,2,"{'mechanical': 1, 'ebike': 1}",1,12,0,1747687215
7599,9,"{'mechanical': 8, 'ebike': 1}",2,5,1,1747687343
7600,15,"{'mechanical': 15, 'ebike': 0}",0,4,1,1747687329
7601,5,"{'mechanical': 5, 'ebike': 0}",0,15,1,1747687241
7602,5,"{'mechanical': 5, 'ebike': 0}",0,14,0,1747687213
7603,5,"{'mechanical': 5, 'ebike': 0}",0,9,0,1747687366
7604,10,"{'mechanical': 10, 'ebike': 0}",0,9,0,1747687371
7605,2,"{'mechanical': 1, 'ebike': 1}",0,18,0,1747687326
7606,9,"{'mechanical': 8, 'ebike': 1}",0,10,0,1747687361
7607,15,"{'mechanical': 15, 'ebike': 0}",0,3,0,1747687231
7608,2,"{'mechanical': 2, 'ebike': 0}",2,23,0,1747687231
7609,4,"{'mechanical': 3, 'ebike': 1}",0,23,0,1747687309
7610,11,"{'mechanical': 11, 'ebike': 0}",0,4,0,1747687349
7611,12,"{'mechanical': 12, 'ebike': 0}",0,7,0,1747687268
7612,16,"{'mechanical': 16, 'ebike': 0}",0,3,0,1747687327
7613,4,"{'mechanical': 4, 'ebike': 0}",0,14,1,1747687355
7614,7,"{'mechanical': 7, 'ebike': 0}",2,14,0,1747687317
7615,12,"{'mechanical': 12, 'ebike': 0}",2,5,0,1747687271
7616,5,"{'mechanical': 5, 'ebike': 0}",3,11,0,1747687321
7617,7,"{'mechanical': 6, 'ebike': 1}",3,9,0,1747687206
7618,1,"{'mechanical': 1, 'ebike': 0}",1,16,0,1747687354
7619,0,"{'mechanical': 0, 'ebike': 0}",0,13,2,1747687216
7620,23,"{'mechanical': 23, 'ebike': 0}",2,6,0,1747687320
7622,9,"{'mechanical': 9, 'ebike': 0}",1,13,0,1747687348
7623,15,"{'mechanical': 15, 'ebike': 0}",0,4,0,1747687319
7624,4,"{'mechanical': 4, 'ebike': 0}",2,5,0,1747687302
7625,5,"{'mechanical': 2, 'ebike': 3}",1,17,0,1747687281
7626,15,"{'mechanical': 15, 'ebike': 0}",8,2,0,1747687272
7627,2,"{'mechanical': 1, 'ebike': 1}",0,12,0,1747687254
7629,9,"{'mechanical': 9, 'ebike': 0}",2,4,0,1747687241
7630,19,"{'mechanical': 19, 'ebike': 0}",0,3,0,1747687364
7632,2,"{'mechanical': 0, 'ebike': 2}",0,14,0,1747687267
7633,9,"{'mechanical': 9, 'ebike': 0}",0,5,0,1747687346
7635,1,"{'mechanical': 1, 'ebike': 0}",0,13,1,1747687352
7636,3,"{'mechanical': 2, 'ebike': 1}",0,19,0,1747687291
7637,15,"{'mechanical': 14, 'ebike': 1}",0,4,0,1747687340
7639,6,"{'mechanical': 6, 'ebike': 0}",0,10,0,1747687367
7640,0,"{'mechanical': 0, 'ebike': 0}",0,15,0,1747687312
7641,1,"{'mechanical': 0, 'ebike': 1}",0,13,1,1747687223
7642,2,"{'mechanical': 2, 'ebike': 0}",0,16,1,1747687357
7643,1,"{'mechanical': 0, 'ebike': 1}",1,17,0,1747687234
7644,4,"{'mechanical': 0, 'ebike': 4}",0,10,1,1747687304
7645,5,"{'mechanical': 4, 'ebike': 1}",3,8,0,1747687372
7646,5,"{'mechanical': 5, 'ebike': 0}",0,7,0,1747687260
7647,7,"{'mechanical': 7, 'ebike': 0}",0,9,1,1747687337
7650,2,"{'mechanical': 2, 'ebike': 0}",1,20,0,1747687267
7654,2,"{'mechanical': 2, 'ebike': 0}",0,5,0,1747687261
7655,8,"{'mechanical': 8, 'ebike': 0}",0,7,0,1747687340
7656,5,"{'mechanical': 5, 'ebike': 0}",1,4,1,1747687352
7657,1,"{'mechanical': 1, 'ebike': 0}",3,15,1,1747687331
7658,12,"{'mechanical': 11, 'ebike': 1}",3,11,1,1747687273
7659,1,"{'mechanical': 0, 'ebike': 1}",0,18,0,1747687218
7660,6,"{'mechanical': 6, 'ebike': 0}",2,31,0,1747687307
7662,8,"{'mechanical': 8, 'ebike': 0}",1,10,0,1747687209
7663,5,"{'mechanical': 2, 'ebike': 3}",1,11,0,1747687306
7664,1,"{'mechanical': 1, 'ebike': 0}",0,14,0,1747687247
7665,3,"{'mechanical': 0, 'ebike': 3}",0,8,0,1747687273
7666,8,"{'mechanical': 8, 'ebike': 0}",0,17,1,1747687291
7667,14,"{'mechanical': 0, 'ebike': 14}",0,18,1,1747687212
7668,0,"{'mechanical': 0, 'ebike': 0}",7,13,0,1747687288
7671,0,"{'mechanical': 0, 'ebike': 0}",0,12,0,1747687213
7675,6,"{'mechanical': 4, 'ebike': 2}",0,9,0,1747687254
7676,9,"{'mechanical': 6, 'ebike': 3}",0,7,0,1747687331
7677,2,"{'mechanical': 0, 'ebike': 2}",1,12,1,1747687230
7678,0,"{'mechanical': 0, 'ebike': 0}",0,16,0,1747687266
7679,0,"{'mechanical': 0, 'ebike': 0}",0,13,2,1747687355
7680,8,"{'mechanical': 8, 'ebike': 0}",0,11,0,1747687315
7681,7,"{'mechanical': 7, 'ebike': 0}",5,12,0,1747687284
7682,10,"{'mechanical': 10, 'ebike': 0}",1,24,0,1747687328
7684,10,"{'mechanical': 10, 'ebike': 0}",1,12,0,1747687238
7685,3,"{'mechanical': 3, 'ebike': 0}",0,18,0,1747687232
7686,9,"{'mechanical': 9, 'ebike': 0}",0,5,0,1747687249
7687,1,"{'mechanical': 0, 'ebike': 1}",1,10,0,1747687268
7691,6,"{'mechanical': 0, 'ebike': 6}",0,13,0,1747687248
7692,18,"{'mechanical': 9, 'ebike': 9}",7,1,0,1747687386
7693,6,"{'mechanical': 6, 'ebike': 0}",0,13,0,1747687243
7694,7,"{'mechanical': 6, 'ebike': 1}",0,12,0,1747687314
7695,15,"{'mechanical': 15, 'ebike': 0}",1,3,0,1747687305
7696,19,"{'mechanical': 17, 'ebike': 2}",0,0,0,1747687373
7698,1,"{'mechanical': 1, 'ebike': 0}",0,12,0,1747687323
7699,1,"{'mechanical': 0, 'ebike': 1}",0,14,0,1747687328
7700,0,"{'mechanical': 0, 'ebike': 0}",0,15,0,1747687337
7701,15,"{'mechanical': 12, 'ebike': 3}",1,3,0,1747687352
7702,4,"{'mechanical': 4, 'ebike': 0}",2,12,0,1747687247
7703,9,"{'mechanical': 8, 'ebike': 1}",0,10,0,1747687217
7704,4,"{'mechanical': 3, 'ebike': 1}",0,15,0,1747687222
7705,7,"{'mechanical': 7, 'ebike': 0}",1,11,0,1747687227
7706,23,"{'mechanical': 18, 'ebike': 5}",1,3,0,1747687340
7707,13,"{'mechanical': 13, 'ebike': 0}",1,5,0,1747687332
7708,9,"{'mechanical': 0, 'ebike': 9}",8,10,0,1747687264
7709,4,"{'mechanical': 1, 'ebike': 3}",1,18,0,1747687295
7710,1,"{'mechanical': 0, 'ebike': 1}",5,12,0,1747687369
7711,7,"{'mechanical': 7, 'ebike': 0}",0,8,0,1747687231
7712,21,"{'mechanical': 16, 'ebike': 5}",0,0,1,1747687278
7713,2,"{'mechanical': 1, 'ebike': 1}",1,20,0,1747687335
7715,2,"{'mechanical': 2, 'ebike': 0}",0,8,0,1747687300
7716,15,"{'mechanical': 15, 'ebike': 0}",0,4,0,1747687249
7717,7,"{'mechanical': 7, 'ebike': 0}",0,3,0,1747687351
7718,2,"{'mechanical': 1, 'ebike': 1}",0,8,1,1747687276
7719,15,"{'mechanical': 14, 'ebike': 1}",2,11,0,1747687299
7720,27,"{'mechanical': 26, 'ebike': 1}",0,5,0,1747687330
7721,1,"{'mechanical': 1, 'ebike': 0}",1,7,1,1747687260
7724,0,"{'mechanical': 0, 'ebike': 0}",0,14,1,1747687307
7728,6,"{'mechanical': 0, 'ebike': 6}",0,12,1,1747687332
7729,24,"{'mechanical': 0, 'ebike': 24}",0,20,0,1747687288
7730,0,"{'mechanical': 0, 'ebike': 0}",2,41,0,1747687230
7731,14,"{'mechanical': 13, 'ebike': 1}",0,1,0,1747687307
7732,12,"{'mechanical': 10, 'ebike': 2}",0,3,0,1747687336
7733,6,"{'mechanical': 3, 'ebike': 3}",0,9,0,1747687293
7734,1,"{'mechanical': 1, 'ebike': 0}",0,14,0,1747687378
7735,2,"{'mechanical': 2, 'ebike': 0}",0,13,0,1747687330
7736,1,"{'mechanical': 1, 'ebike': 0}",0,13,1,1747687378
7737,3,"{'mechanical': 3, 'ebike': 0}",0,11,1,1747687300
7738,2,"{'mechanical': 2, 'ebike': 0}",0,13,0,1747687313
7739,4,"{'mechanical': 2, 'ebike': 2}",1,8,2,1747687259
7740,0,"{'mechanical': 0, 'ebike': 0}",0,15,0,1747687356
7741,13,"{'mechanical': 13, 'ebike': 0}",0,2,0,1747687303
7742,6,"{'mechanical': 5, 'ebike': 1}",0,13,0,1747687384
7743,1,"{'mechanical': 0, 'ebike': 1}",0,18,0,1747687247
7744,2,"{'mechanical': 1, 'ebike': 1}",0,21,0,1747687289
7745,1,"{'mechanical': 1, 'ebike': 0}",1,13,0,1747687209
7746,3,"{'mechanical': 0, 'ebike': 3}",1,15,0,1747687355
7747,0,"{'mechanical': 0, 'ebike': 0}",0,13,2,1747687218
7748,3,"{'mechanical': 2, 'ebike': 1}",1,15,0,1747687298
7749,7,"{'mechanical': 0, 'ebike': 7}",2,6,0,1747687283
7750,2,"{'mechanical': 2, 'ebike': 0}",0,13,0,1747687373
7751,8,"{'mechanical': 1, 'ebike': 7}",0,7,0,1747687322
7752,6,"{'mechanical': 6, 'ebike': 0}",0,17,0,1747687351
7753,11,"{'mechanical': 11, 'ebike': 0}",0,4,0,1747687234
7754,3,"{'mechanical': 2, 'ebike': 1}",1,10,0,1747687312
7755,5,"{'mechanical': 4, 'ebike': 1}",0,10,0,1747687280
7756,0,"{'mechanical': 0, 'ebike': 0}",0,19,0,1747687289
7757,7,"{'mechanical': 7, 'ebike': 0}",11,1,0,1747687297
7758,0,"{'mechanical': 0, 'ebike': 0}",0,19,0,1747687263
7759,0,"{'mechanical': 0, 'ebike': 0}",0,13,2,1747687265
7761,2,"{'mechanical': 1, 'ebike': 1}",0,12,1,1747687296
7762,5,"{'mechanical': 5, 'ebike': 0}",0,7,0,1747687293
7765,2,"{'mechanical': 1, 'ebike': 1}",0,13,0,1747687322
7766,6,"{'mechanical': 0, 'ebike': 6}",0,8,0,1747687332
7767,0,"{'mechanical': 0, 'ebike': 0}",0,11,0,1747687289
7768,4,"{'mechanical': 3, 'ebike': 1}",1,8,1,1747687309
7769,7,"{'mechanical': 5, 'ebike': 2}",0,8,0,1747687346
7770,10,"{'mechanical': 10, 'ebike': 0}",1,12,0,1747687371
7771,0,"{'mechanical': 0, 'ebike': 0}",0,11,0,1747687372
7772,6,"{'mechanical': 5, 'ebike': 1}",1,7,0,1747687256
7773,6,"{'mechanical': 6, 'ebike': 0}",0,8,0,1747687267
7774,13,"{'mechanical': 13, 'ebike': 0}",0,2,0,1747687330
7775,10,"{'mechanical': 10, 'ebike': 0}",0,1,0,1747687360
7776,4,"{'mechanical': 3, 'ebike': 1}",0,14,1,1747687271
7777,2,"{'mechanical': 2, 'ebike': 0}",0,13,0,1747687319
7778,0,"{'mechanical': 0, 'ebike': 0}",0,10,0,1747687289
7779,0,"{'mechanical': 0, 'ebike': 0}",0,14,1,1747687283
7780,1,"{'mechanical': 0, 'ebike': 1}",0,15,0,1747687269
7781,3,"{'mechanical': 2, 'ebike': 1}",0,12,0,1747687220
7782,0,"{'mechanical': 0, 'ebike': 0}",0,20,0,1747687269
7783,0,"{'mechanical': 0, 'ebike': 0}",0,20,0,1747687270
7784,1,"{'mechanical': 1, 'ebike': 0}",1,16,1,1747687312
7785,0,"{'mechanical': 0, 'ebike': 0}",0,16,0,1747687355
7787,24,"{'mechanical': 21, 'ebike': 3}",1,6,0,1747687357
7788,11,"{'mechanical': 11, 'ebike': 0}",0,11,1,1747687269
7789,2,"{'mechanical': 0, 'ebike': 2}",0,21,0,1747687366
7790,1,"{'mechanical': 1, 'ebike': 0}",0,15,1,1747687308
7791,13,"{'mechanical': 13, 'ebike': 0}",1,0,1,1747687232
7792,15,"{'mechanical': 13, 'ebike': 2}",0,0,0,1747687374
7794,11,"{'mechanical': 11, 'ebike': 0}",0,4,0,1747687362
7796,2,"{'mechanical': 2, 'ebike': 0}",0,16,0,1747687228
7798,3,"{'mechanical': 3, 'ebike': 0}",0,12,0,1747687282
7799,7,"{'mechanical': 7, 'ebike': 0}",0,8,0,1747687378
7800,0,"{'mechanical': 0, 'ebike': 0}",0,19,0,1747687308
7801,4,"{'mechanical': 4, 'ebike': 0}",0,11,0,1747687298
7802,7,"{'mechanical': 7, 'ebike': 0}",0,5,0,1747687329
7803,7,"{'mechanical': 7, 'ebike': 0}",1,11,0,1747687299
7804,8,"{'mechanical': 5, 'ebike': 3}",0,5,0,1747687214
7805,10,"{'mechanical': 10, 'ebike': 0}",0,9,0,1747687292
7806,4,"{'mechanical': 3, 'ebike': 1}",0,11,0,1747687353
7807,2,"{'mechanical': 0, 'ebike': 2}",0,13,0,1747687250
7808,2,"{'mechanical': 2, 'ebike': 0}",0,13,0,1747687365
7809,1,"{'mechanical': 1, 'ebike': 0}",0,18,0,1747687256
7810,8,"{'mechanical': 3, 'ebike': 5}",0,5,1,1747687336
7811,6,"{'mechanical': 4, 'ebike': 2}",0,13,0,1747687293
7812,12,"{'mechanical': 12, 'ebike': 0}",0,5,1,1747687311
7813,2,"{'mechanical': 0, 'ebike': 2}",0,20,0,1747687317
7814,7,"{'mechanical': 7, 'ebike': 0}",0,8,0,1747687352
7815,2,"{'mechanical': 0, 'ebike': 2}",0,13,0,1747687347
7816,15,"{'mechanical': 14, 'ebike': 1}",0,40,0,1747687299
7817,6,"{'mechanical': 3, 'ebike': 3}",0,9,0,1747687297
7818,10,"{'mechanical': 8, 'ebike': 2}",0,8,1,1747687368
7819,1,"{'mechanical': 0, 'ebike': 1}",0,14,0,1747687290
7820,10,"{'mechanical': 0, 'ebike': 10}",0,5,0,1747687255
7821,17,"{'mechanical': 12, 'ebike': 5}",1,2,0,1747687345
7822,3,"{'mechanical': 3, 'ebike': 0}",1,15,0,1747687318
7823,3,"{'mechanical': 2, 'ebike': 1}",0,8,0,1747687367
7824,1,"{'mechanical': 1, 'ebike': 0}",1,17,0,1747687326
7825,6,"{'mechanical': 6, 'ebike': 0}",0,8,0,1747687285
7826,15,"{'mechanical': 13, 'ebike': 2}",0,0,0,1747687371
7827,6,"{'mechanical': 4, 'ebike': 2}",0,8,1,1747687325
7828,4,"{'mechanical': 4, 'ebike': 0}",0,6,1,1747687225
7829,2,"{'mechanical': 2, 'ebike': 0}",0,12,1,1747687284
7830,2,"{'mechanical': 2, 'ebike': 0}",1,11,1,1747687235
7831,0,"{'mechanical': 0, 'ebike': 0}",0,18,0,1747687380
7832,0,"{'mechanical': 0, 'ebike': 0}",0,19,0,1747687273
7833,0,"{'mechanical': 0, 'ebike': 0}",1,14,0,1747687306
7834,3,"{'mechanical': 3, 'ebike': 0}",0,12,0,1747687366
7835,0,"{'mechanical': 0, 'ebike': 0}",0,19,0,1747687327
7836,0,"{'mechanical': 0, 'ebike': 0}",0,19,0,1747687316
7837,10,"{'mechanical': 10, 'ebike': 0}",6,1,0,1747687282
7838,5,"{'mechanical': 5, 'ebike': 0}",1,13,0,1747687297
7839,10,"{'mechanical': 10, 'ebike': 0}",0,1,0,1747687256
7840,2,"{'mechanical': 1, 'ebike': 1}",0,13,0,1747687339
7841,0,"{'mechanical': 0, 'ebike': 0}",2,13,0,1747687270
7842,2,"{'mechanical': 2, 'ebike': 0}",0,8,0,1747687285
7843,10,"{'mechanical': 9, 'ebike': 1}",1,4,0,1747687260
7844,8,"{'mechanical': 8, 'ebike': 0}",2,5,0,1747687269
7845,9,"{'mechanical': 9, 'ebike': 0}",0,5,1,1747687384
7846,2,"{'mechanical': 0, 'ebike': 2}",0,13,0,1747687385
7848,13,"{'mechanical': 13, 'ebike': 0}",0,10,0,1747687219
7849,1,"{'mechanical': 1, 'ebike': 0}",0,14,0,1747687339
7850,2,"{'mechanical': 2, 'ebike': 0}",1,12,1,1747687225
7851,4,"{'mechanical': 0, 'ebike': 4}",1,9,1,1747687238
7852,4,"{'mechanical': 1, 'ebike': 3}",0,19,0,1747687276
7853,0,"{'mechanical': 0, 'ebike': 0}",0,15,0,1747687300
7854,0,"{'mechanical': 0, 'ebike': 0}",0,19,0,1747687340
7855,4,"{'mechanical': 2, 'ebike': 2}",0,11,0,1747687383
7856,1,"{'mechanical': 1, 'ebike': 0}",0,14,0,1747687360
7857,2,"{'mechanical': 0, 'ebike': 2}",0,17,0,1747687360
7858,1,"{'mechanical': 1, 'ebike': 0}",0,22,0,1747687238
7859,0,"{'mechanical': 0, 'ebike': 0}",0,15,0,1747687334
7860,0,"{'mechanical': 0, 'ebike': 0}",1,13,1,1747687283
7861,1,"{'mechanical': 1, 'ebike': 0}",0,18,0,1747687363
7862,1,"{'mechanical': 0, 'ebike': 1}",1,12,0,1747687231
7863,2,"{'mechanical': 2, 'ebike': 0}",0,13,0,1747687252
7864,3,"{'mechanical': 1, 'ebike': 2}",0,12,0,1747687265
7865,32,"{'mechanical': 0, 'ebike': 32}",2,8,1,1747687288
7866,14,"{'mechanical': 6, 'ebike': 8}",6,3,0,1747687380
7867,7,"{'mechanical': 0, 'ebike': 7}",0,8,0,1747687222
7868,0,"{'mechanical': 0, 'ebike': 0}",0,19,0,1747687217
7870,1,"{'mechanical': 1, 'ebike': 0}",2,11,1,1747687341
7871,0,"{'mechanical': 0, 'ebike': 0}",0,14,0,1747687291
7872,0,"{'mechanical': 0, 'ebike': 0}",0,14,1,1747687220
7873,0,"{'mechanical': 0, 'ebike': 0}",0,14,0,1747687285
7874,1,"{'mechanical': 1, 'ebike': 0}",0,14,0,1747687347
7875,0,"{'mechanical': 0, 'ebike': 0}",1,13,0,1747687362
7876,0,"{'mechanical': 0, 'ebike': 0}",0,14,1,1747687347
7877,0,"{'mechanical': 0, 'ebike': 0}",1,14,0,1747687374
7878,1,"{'mechanical': 1, 'ebike': 0}",0,13,1,1747687373
7879,0,"{'mechanical': 0, 'ebike': 0}",0,10,0,1747687209
7880,0,"{'mechanical': 0, 'ebike': 0}",1,13,1,1747687355
7881,9,"{'mechanical': 9, 'ebike': 0}",0,18,0,1747687345
7882,0,"{'mechanical': 0, 'ebike': 0}",0,15,0,1747687331
7883,1,"{'mechanical': 1, 'ebike': 0}",0,10,0,1747687302
7884,0,"{'mechanical': 0, 'ebike': 0}",0,14,1,1747687263
7885,9,"{'mechanical': 9, 'ebike': 0}",2,0,0,1747687308
7886,0,"{'mechanical': 0, 'ebike': 0}",0,15,0,1747687272
7887,0,"{'mechanical': 0, 'ebike': 0}",6,37,0,1747687381
7888,0,"{'mechanical': 0, 'ebike': 0}",0,15,0,1747687288
7889,0,"{'mechanical': 0, 'ebike': 0}",0,16,2,1747687255
7890,2,"{'mechanical': 0, 'ebike': 2}",0,21,0,1747687292
7891,6,"{'mechanical': 6, 'ebike': 0}",1,10,2,1747687383
7893,7,"{'mechanical': 7, 'ebike': 0}",0,12,0,1747687209
7894,2,"{'mechanical': 2, 'ebike': 0}",0,13,0,1747687359
7895,0,"{'mechanical': 0, 'ebike': 0}",0,13,2,1747687377
7896,0,"{'mechanical': 0, 'ebike': 0}",0,14,0,1747687328
7897,8,"{'mechanical': 7, 'ebike': 1}",1,6,0,1747687299
7898,1,"{'mechanical': 1, 'ebike': 0}",1,14,0,1747687246
7899,16,"{'mechanical': 4, 'ebike': 12}",1,6,0,1747687256
7900,1,"{'mechanical': 1, 'ebike': 0}",0,10,0,1747687275
7901,4,"{'mechanical': 2, 'ebike': 2}",0,7,0,1747687377
7902,0,"{'mechanical': 0, 'ebike': 0}",0,15,0,1747687240
7903,1,"{'mechanical': 1, 'ebike': 0}",1,12,1,1747687369
7904,6,"{'mechanical': 3, 'ebike': 3}",0,5,0,1747687353
7907,7,"{'mechanical': 1, 'ebike': 6}",8,25,0,1747687226
7909,10,"{'mechanical': 10, 'ebike': 0}",3,10,0,1747687223
7910,0,"{'mechanical': 0, 'ebike': 0}",0,15,0,1747687308
7911,3,"{'mechanical': 3, 'ebike': 0}",0,16,0,1747687321
7912,4,"{'mechanical': 3, 'ebike': 1}",0,15,0,1747687326
7913,27,"{'mechanical': 27, 'ebike': 0}",0,8,0,1747687335
7914,7,"{'mechanical': 7, 'ebike': 0}",0,20,0,1747687283
7915,1,"{'mechanical': 0, 'ebike': 1}",1,12,0,1747687234
7916,9,"{'mechanical': 8, 'ebike': 1}",0,10,0,1747687386
7917,11,"{'mechanical': 1, 'ebike': 10}",0,7,1,1747687352
7918,0,"{'mechanical': 0, 'ebike': 0}",0,15,0,1747687269
7919,1,"{'mechanical': 1, 'ebike': 0}",1,16,0,1747687209
7920,0,"{'mechanical': 0, 'ebike': 0}",0,15,0,1747687214
7921,0,"{'mechanical': 0, 'ebike': 0}",0,14,1,1747687359
7922,5,"{'mechanical': 5, 'ebike': 0}",15,3,0,1747687264
7923,1,"{'mechanical': 1, 'ebike': 0}",0,18,0,1747687209
7924,0,"{'mechanical': 0, 'ebike': 0}",0,12,0,1747687351
7925,8,"{'mechanical': 8, 'ebike': 0}",1,14,0,1747687319
7926,3,"{'mechanical': 2, 'ebike': 1}",1,20,0,1747687250
7927,3,"{'mechanical': 1, 'ebike': 2}",1,18,0,1747687269
7928,1,"{'mechanical': 1, 'ebike': 0}",0,45,0,1747687366
7929,3,"{'mechanical': 3, 'ebike': 0}",0,8,1,1747687310
7930,6,"{'mechanical': 6, 'ebike': 0}",0,9,0,1747687361
7931,2,"{'mechanical': 0, 'ebike': 2}",0,14,0,1747687217
7932,12,"{'mechanical': 11, 'ebike': 1}",0,0,0,1747687225
7933,17,"{'mechanical': 16, 'ebike': 1}",0,6,0,1747687262
7934,7,"{'mechanical': 0, 'ebike': 7}",4,0,0,1747687206
7935,6,"{'mechanical': 5, 'ebike': 1}",1,7,0,1747687315
7936,7,"{'mechanical': 7, 'ebike': 0}",0,6,0,1747687266
7937,16,"{'mechanical': 15, 'ebike': 1}",3,0,0,1747687276
7938,13,"{'mechanical': 11, 'ebike': 2}",0,1,1,1747687283
7939,7,"{'mechanical': 7, 'ebike': 0}",0,8,0,1747687300
7940,0,"{'mechanical': 0, 'ebike': 0}",0,32,0,1747687287
7941,15,"{'mechanical': 14, 'ebike': 1}",0,0,0,1747687313
7942,0,"{'mechanical': 0, 'ebike': 0}",0,15,0,1747687335
7943,11,"{'mechanical': 11, 'ebike': 0}",0,11,1,1747687297
7944,14,"{'mechanical': 14, 'ebike': 0}",1,8,0,1747687278
7945,19,"{'mechanical': 17, 'ebike': 2}",0,0,0,1747687370
7946,1,"{'mechanical': 0, 'ebike': 1}",0,14,0,1747687247
7947,11,"{'mechanical': 10, 'ebike': 1}",0,0,0,1747687212
7948,11,"{'mechanical': 11, 'ebike': 0}",0,12,0,1747687229
7949,15,"{'mechanical': 15, 'ebike': 0}",0,4,0,1747687211
7950,19,"{'mechanical': 16, 'ebike': 3}",1,3,0,1747687367
7951,13,"{'mechanical': 13, 'ebike': 0}",1,5,0,1747687226
7952,9,"{'mechanical': 7, 'ebike': 2}",0,10,0,1747687288
7953,10,"{'mechanical': 10, 'ebike': 0}",0,4,0,1747687241
7954,3,"{'mechanical': 2, 'ebike': 1}",1,19,0,1747687284
7955,1,"{'mechanical': 1, 'ebike': 0}",0,21,0,1747687267
7956,0,"{'mechanical': 0, 'ebike': 0}",0,9,2,1747687323
7957,3,"{'mechanical': 3, 'ebike': 0}",1,35,0,1747687335
7958,14,"{'mechanical': 14, 'ebike': 0}",0,5,0,1747687284
7959,0,"{'mechanical': 0, 'ebike': 0}",0,14,0,1747687313
7960,1,"{'mechanical': 1, 'ebike': 0}",0,18,0,1747687324
7961,0,"{'mechanical': 0, 'ebike': 0}",5,10,0,1747687227
7962,1,"{'mechanical': 1, 'ebike': 0}",0,14,0,1747687297
7963,1,"{'mechanical': 1, 'ebike': 0}",3,7,0,1747687311
7964,4,"{'mechanical': 3, 'ebike': 1}",2,8,0,1747687353
7965,0,"{'mechanical': 0, 'ebike': 0}",0,19,0,1747687294
7966,1,"{'mechanical': 1, 'ebike': 0}",0,14,0,1747687345
7967,5,"{'mechanical': 4, 'ebike': 1}",0,10,0,1747687287
7968,1,"{'mechanical': 1, 'ebike': 0}",0,18,0,1747687363
7969,0,"{'mechanical': 0, 'ebike': 0}",0,19,0,1747687354
7970,0,"{'mechanical': 0, 'ebike': 0}",1,18,0,1747687211
7971,0,"{'mechanical': 0, 'ebike': 0}",0,14,1,1747687220
7972,3,"{'mechanical': 3, 'ebike': 0}",0,8,0,1747687327
7973,1,"{'mechanical': 1, 'ebike': 0}",2,16,0,1747687208
7974,1,"{'mechanical': 1, 'ebike': 0}",0,18,0,1747687238
7975,1,"{'mechanical': 0, 'ebike': 1}",0,18,0,1747687293
7976,0,"{'mechanical': 0, 'ebike': 0}",4,14,0,1747687277
7977,3,"{'mechanical': 3, 'ebike': 0}",0,12,0,1747687344
7978,0,"{'mechanical': 0, 'ebike': 0}",0,22,1,1747687255
7979,1,"{'mechanical': 1, 'ebike': 0}",1,17,0,1747687228
7631,10,"{'mechanical': 10, 'ebike': 0}",2,3,0,1747687277
7981,1,"{'mechanical': 1, 'ebike': 0}",0,14,0,1747687288
7982,0,"{'mechanical': 0, 'ebike': 0}",0,18,1,1747687307
7983,2,"{'mechanical': 1, 'ebike': 1}",4,8,0,1747687376
7984,14,"{'mechanical': 14, 'ebike': 0}",1,8,0,1747687365
7985,5,"{'mechanical': 5, 'ebike': 0}",0,10,0,1747687309
7986,0,"{'mechanical': 0, 'ebike': 0}",2,17,0,1747687249
7987,0,"{'mechanical': 0, 'ebike': 0}",0,15,0,1747687235
7988,1,"{'mechanical': 1, 'ebike': 0}",1,17,0,1747687327
7989,0,"{'mechanical': 0, 'ebike': 0}",0,15,0,1747687278
7990,0,"{'mechanical': 0, 'ebike': 0}",0,14,1,1747687339
7991,3,"{'mechanical': 3, 'ebike': 0}",0,12,0,1747687352
7992,0,"{'mechanical': 0, 'ebike': 0}",1,10,0,1747687364
7993,3,"{'mechanical': 1, 'ebike': 2}",0,11,1,1747687383
7760,19,"{'mechanical': 16, 'ebike': 3}",0,4,0,1747687385
7994,1,"{'mechanical': 1, 'ebike': 0}",0,10,0,1747687373
7995,4,"{'mechanical': 1, 'ebike': 3}",0,11,0,1747687253
7996,18,"{'mechanical': 2, 'ebike': 16}",2,2,0,1747687373
7997,22,"{'mechanical': 0, 'ebike': 22}",3,13,0,1747687230
7998,0,"{'mechanical': 0, 'ebike': 0}",0,19,0,1747687305
7999,2,"{'mechanical': 0, 'ebike': 2}",0,13,0,1747687229
8000,22,"{'mechanical': 0, 'ebike': 22}",2,7,0,1747687361
8001,9,"{'mechanical': 9, 'ebike': 0}",0,7,0,1747687279
8002,0,"{'mechanical': 0, 'ebike': 0}",0,15,0,1747687283
8003,4,"{'mechanical': 4, 'ebike': 0}",0,7,0,1747687318
8004,0,"{'mechanical': 0, 'ebike': 0}",0,10,1,1747687225
8005,0,"{'mechanical': 0, 'ebike': 0}",4,7,0,1747687324
8006,23,"{'mechanical': 10, 'ebike': 13}",0,0,0,1747687284
8007,19,"{'mechanical': 0, 'ebike': 19}",0,10,0,1747687214
8008,2,"{'mechanical': 2, 'ebike': 0}",1,13,0,1747687352
8009,2,"{'mechanical': 0, 'ebike': 2}",4,32,0,1747687382
8011,5,"{'mechanical': 5, 'ebike': 0}",16,10,0,1747687367
8012,14,"{'mechanical': 11, 'ebike': 3}",1,8,0,1747687247
8013,10,"{'mechanical': 10, 'ebike': 0}",0,2,0,1747687337
8014,9,"{'mechanical': 9, 'ebike': 0}",1,12,0,1747687207
8016,15,"{'mechanical': 13, 'ebike': 2}",1,3,1,1747687330
8017,7,"{'mechanical': 7, 'ebike': 0}",0,7,0,1747687338
8018,14,"{'mechanical': 14, 'ebike': 0}",0,1,0,1747687381
8015,4,"{'mechanical': 3, 'ebike': 1}",1,7,0,1747687333
8019,2,"{'mechanical': 2, 'ebike': 0}",0,13,0,1747687257
8020,4,"{'mechanical': 4, 'ebike': 0}",1,3,1,1747687240
7010,7,"{'mechanical': 7, 'ebike': 0}",0,10,0,1747687385
8010,0,"{'mechanical': 0, 'ebike': 0}",0,18,1,1747687334
8021,0,"{'mechanical': 0, 'ebike': 0}",0,18,1,1747687294
7202,11,"{'mechanical': 11, 'ebike': 0}",1,14,1,1747687285
7266,9,"{'mechanical': 8, 'ebike': 1}",0,3,0,1747687302
8022,4,"{'mechanical': 3, 'ebike': 1}",0,7,0,1747687368
8023,3,"{'mechanical': 1, 'ebike': 2}",1,7,0,1747687251
7133,0,"{'mechanical': 0, 'ebike': 0}",0,10,1,1747687248
8024,0,"{'mechanical': 0, 'ebike': 0}",5,6,0,1747687301
8025,9,"{'mechanical': 9, 'ebike': 0}",1,0,1,1747687211
8026,1,"{'mechanical': 1, 'ebike': 0}",1,21,0,1747687375
8030,15,"{'mechanical': 15, 'ebike': 0}",0,20,0,1747687309
8031,1,"{'mechanical': 1, 'ebike': 0}",0,13,1,1747687337
7688,7,"{'mechanical': 7, 'ebike': 0}",1,6,1,1747687218
8032,0,"{'mechanical': 0, 'ebike': 0}",0,14,1,1747687358
8033,0,"{'mechanical': 0, 'ebike': 0}",0,19,0,1747687229
8029,0,"{'mechanical': 0, 'ebike': 0}",0,47,0,1747687263
8027,4,"{'mechanical': 4, 'ebike': 0}",0,35,0,1747687243
8028,6,"{'mechanical': 6, 'ebike': 0}",1,18,0,1747687336
